public_base_table,decision
assistant_conversations,existing_only_do_not_add_new_public_base_tables
assistant_messages,existing_only_do_not_add_new_public_base_tables
chatbot_conversations,existing_only_do_not_add_new_public_base_tables
chatbot_intents,existing_only_do_not_add_new_public_base_tables
chatbot_messages,existing_only_do_not_add_new_public_base_tables
chatbot_retention_policies,existing_only_do_not_add_new_public_base_tables
locations,existing_only_do_not_add_new_public_base_tables
org_units_cache,existing_only_do_not_add_new_public_base_tables
pwf_org_units_cache,existing_only_do_not_add_new_public_base_tables
