lgu_id,lgus_no,lgu_code,lgu_name_ar,city_status,candidate_directorate,candidate_directorate_uuid,evidence_source,evidence_type,confidence,authority_decision,authority_directorate_uuid,authority_directorate_label,authority_reference,authority_effective_date,authority_reviewer,authority_reviewed_at,authority_note,load_eligible
c7c11709-803e-4542-968e-8c4b7957b7a7,16,H020-16,بيت كاحل,موجوده,North Hebron,04f19f65-5e0c-47df-b897-9dd88152ea6c,SRC_NH_SERVICE_COUNCIL_2010,REGIONAL_INSTITUTIONAL_SUPPORT,LOW,NEEDS_REVIEW,,,,,PALWAKF_NOSOK_AUTHORIZED_ORGANIZATIONAL_REVIEW_V1,2026-09-20,Not approved: evidence remains supporting-only or unresolved; fail-closed.,false
fceb4011-09f3-45ea-93b7-4c702f592adb,17,H012-17,صوريف,موجوده,North Hebron,04f19f65-5e0c-47df-b897-9dd88152ea6c,SRC_NH_SURIF_MUNICIPAL_DIRECT_RELATION_2018,DIRECT_MUNICIPAL_INSTITUTIONAL_RELATION,MEDIUM,NEEDS_REVIEW,,,,,PALWAKF_NOSOK_AUTHORIZED_ORGANIZATIONAL_REVIEW_V1,2026-09-20,Not approved: evidence remains supporting-only or unresolved; fail-closed.,false
2da12a45-5ad5-4b85-9442-e40e46fdf725,18,H022-18,نوبا,موجوده,North Hebron,04f19f65-5e0c-47df-b897-9dd88152ea6c,SRC_NH_NUBA_GOVERNMENT_AWQAF_REPORT_2025,CURRENT_GOVERNMENT_AWQAF_INTERVENTION_CONTEXT,HIGH,NEEDS_REVIEW,,,,,PALWAKF_NOSOK_AUTHORIZED_ORGANIZATIONAL_REVIEW_V1,2026-09-20,Not approved: evidence remains supporting-only or unresolved; fail-closed.,false
8a7b2bcd-3fd3-4ec4-aee6-bf0ecb83bf4c,19,H013-19,بيت اولا,موجوده,North Hebron,04f19f65-5e0c-47df-b897-9dd88152ea6c,SRC_NH_BEIT_ULA_2025_AYYAM,DIRECT_CURRENT_DIRECTORATE_OPERATION,HIGH,APPROVED,04f19f65-5e0c-47df-b897-9dd88152ea6c,North Hebron,SRC_NH_BEIT_ULA_2025_AYYAM,2026-09-20,PALWAKF_NOSOK_AUTHORIZED_ORGANIZATIONAL_REVIEW_V1,2026-09-20,Approved by authorized organizational review based on direct authority evidence matrix.,true
76936253-7d3b-4e17-acb6-f1a74ceb87c5,20,H005-20,حلحول,موجوده,North Hebron,04f19f65-5e0c-47df-b897-9dd88152ea6c,SRC_NH_HALHUL_2018,DIRECT_AWQAF_OPERATIONAL_EVIDENCE,HIGH,APPROVED,04f19f65-5e0c-47df-b897-9dd88152ea6c,North Hebron,SRC_NH_HALHUL_2018,2026-09-20,PALWAKF_NOSOK_AUTHORIZED_ORGANIZATIONAL_REVIEW_V1,2026-09-20,Approved by authorized organizational review based on direct authority evidence matrix.,true
9ce7a00e-ac84-490e-9478-6eaeb0a71f7b,21,H008-21,اذنا,موجوده,North Hebron,04f19f65-5e0c-47df-b897-9dd88152ea6c,SRC_NH_SERVICE_COUNCIL_2010,REGIONAL_INSTITUTIONAL_SUPPORT,LOW,NEEDS_REVIEW,,,,,PALWAKF_NOSOK_AUTHORIZED_ORGANIZATIONAL_REVIEW_V1,2026-09-20,Not approved: evidence remains supporting-only or unresolved; fail-closed.,false
627d1c9f-4aa6-43fd-95a7-4e3bd0d7f195,22,H009-22,سعير,موجوده,North Hebron,04f19f65-5e0c-47df-b897-9dd88152ea6c,SRC_NH_SERVICE_COUNCIL_2010,REGIONAL_INSTITUTIONAL_SUPPORT,MEDIUM,NEEDS_REVIEW,,,,,PALWAKF_NOSOK_AUTHORIZED_ORGANIZATIONAL_REVIEW_V1,2026-09-20,Not approved: evidence remains supporting-only or unresolved; fail-closed.,false
6dd6e106-6aa0-4464-9497-10a35a912289,23,H006-23,بني نعيم,موجوده,North Hebron,04f19f65-5e0c-47df-b897-9dd88152ea6c,SRC_BANI_NAIM_HEBRON_AWQAF_2013_PRE_NORTH_DIRECTORATE,HISTORICAL_PRE_REORGANIZATION_DIRECT_OPERATION,MEDIUM,NEEDS_REVIEW,,,,,PALWAKF_NOSOK_AUTHORIZED_ORGANIZATIONAL_REVIEW_V1,2026-09-20,Not approved: evidence remains supporting-only or unresolved; fail-closed.,false
afca995d-86d0-4b45-a9d0-d40d63ea3509,24,H058-24,البويب,موجوده,,,,,NONE,NEEDS_REVIEW,,,,,PALWAKF_NOSOK_AUTHORIZED_ORGANIZATIONAL_REVIEW_V1,2026-09-20,Not approved: evidence remains supporting-only or unresolved; fail-closed.,false
f295f8a9-34ba-494e-b653-8c0521f68549,25,H010-25,ترقوميا,موجوده,Hebron,8e0238db-2e20-49d4-8cf2-db7c376d512b,SRC_HEBRON_TARQUMIYA_2022_DIRECTORATE_RESTORATION,DIRECT_CURRENT_AWQAF_OPERATIONAL_EVIDENCE,HIGH,APPROVED,8e0238db-2e20-49d4-8cf2-db7c376d512b,Hebron,SRC_HEBRON_TARQUMIYA_2022_DIRECTORATE_RESTORATION,2026-09-20,PALWAKF_NOSOK_AUTHORIZED_ORGANIZATIONAL_REVIEW_V1,2026-09-20,Approved by authorized organizational review based on direct authority evidence matrix.,true
7eff564a-7fbe-42d9-ae6a-9fefb7e2eb5e,26,H014-26,تفوح,موجوده,North Hebron,04f19f65-5e0c-47df-b897-9dd88152ea6c,SRC_NH_SERVICE_COUNCIL_2010,REGIONAL_INSTITUTIONAL_SUPPORT,LOW,NEEDS_REVIEW,,,,,PALWAKF_NOSOK_AUTHORIZED_ORGANIZATIONAL_REVIEW_V1,2026-09-20,Not approved: evidence remains supporting-only or unresolved; fail-closed.,false
f4daa9a4-4b8f-4166-8f17-a2018985752d,27,H002-27,يطا,موجوده,Yatta,7e391f77-ded8-4ea8-b0eb-d518507ff194,SRC_YATTA_PLAN_2023_2026,DIRECT_AWQAF_OPERATIONAL_EVIDENCE,HIGH,APPROVED,7e391f77-ded8-4ea8-b0eb-d518507ff194,Yatta,SRC_YATTA_PLAN_2023_2026,2026-09-20,PALWAKF_NOSOK_AUTHORIZED_ORGANIZATIONAL_REVIEW_V1,2026-09-20,Approved by authorized organizational review based on direct authority evidence matrix.,true
bd13d5bf-b3fe-49ea-ba4e-483d7ab98e32,28,H007-28,السموع,موجوده,South Hebron,7270d37a-6eca-4fd4-8abe-0164022f9a80,SRC_SH_AS_SAMU_2024_MUNICIPAL_TAJWEED,DIRECT_CURRENT_DIRECTORATE_OPERATION,HIGH,APPROVED,7270d37a-6eca-4fd4-8abe-0164022f9a80,South Hebron,SRC_SH_AS_SAMU_2024_MUNICIPAL_TAJWEED,2026-09-20,PALWAKF_NOSOK_AUTHORIZED_ORGANIZATIONAL_REVIEW_V1,2026-09-20,Approved by authorized organizational review based on direct authority evidence matrix.,true
c8801611-6b8c-487e-a084-c8efdc87ad88,29,H004-29,دورا,موجوده,South Hebron,7270d37a-6eca-4fd4-8abe-0164022f9a80,SRC_SH_DURA_HQ_2019,DIRECT_ORGANIZATIONAL_IDENTITY_EVIDENCE,HIGH,APPROVED,7270d37a-6eca-4fd4-8abe-0164022f9a80,South Hebron,SRC_SH_DURA_HQ_2019,2026-09-20,PALWAKF_NOSOK_AUTHORIZED_ORGANIZATIONAL_REVIEW_V1,2026-09-20,Approved by authorized organizational review based on direct authority evidence matrix.,true
4d207532-6317-457d-aafb-8ca884ac70ed,30,H018-30,خاراس,موجوده,North Hebron,04f19f65-5e0c-47df-b897-9dd88152ea6c,SRC_NH_KHARAS_2025_GOV_REPORT,DIRECT_CURRENT_DIRECTORATE_OPERATION,HIGH,APPROVED,04f19f65-5e0c-47df-b897-9dd88152ea6c,North Hebron,SRC_NH_KHARAS_2025_GOV_REPORT,2026-09-20,PALWAKF_NOSOK_AUTHORIZED_ORGANIZATIONAL_REVIEW_V1,2026-09-20,Approved by authorized organizational review based on direct authority evidence matrix.,true
fbc9c151-cc86-4605-8587-18f44b8606f6,32,H026-32,الرماضين,موجوده,,,,,NONE,NEEDS_REVIEW,,,,,PALWAKF_NOSOK_AUTHORIZED_ORGANIZATIONAL_REVIEW_V1,2026-09-20,Not approved: evidence remains supporting-only or unresolved; fail-closed.,false
c2b158a7-a020-431f-9914-6ac2c78fda0e,33,H001-33,الخليل,موجوده,Hebron,8e0238db-2e20-49d4-8cf2-db7c376d512b,SRC_CORE_HEBRON_PROFILE,CANONICAL_IDENTITY_ONLY,HIGH,NEEDS_REVIEW,,,,,PALWAKF_NOSOK_AUTHORIZED_ORGANIZATIONAL_REVIEW_V1,2026-09-20,Not approved: evidence remains supporting-only or unresolved; fail-closed.,false
3ee44241-6ec0-4679-bb87-5cd62f99742d,34,H011-34,بيت امر,موجوده,North Hebron,04f19f65-5e0c-47df-b897-9dd88152ea6c,SRC_NH_BEIT_UMMAR_2023_DIRECTORATE_ACTION,DIRECT_CURRENT_DIRECTORATE_OPERATION,HIGH,APPROVED,04f19f65-5e0c-47df-b897-9dd88152ea6c,North Hebron,SRC_NH_BEIT_UMMAR_2023_DIRECTORATE_ACTION,2026-09-20,PALWAKF_NOSOK_AUTHORIZED_ORGANIZATIONAL_REVIEW_V1,2026-09-20,Approved by authorized organizational review based on direct authority evidence matrix.,true
9866c853-55b8-432b-8763-9d0b3a4d8550,35,H003-35,الظاهريه,موجوده,South Hebron,7270d37a-6eca-4fd4-8abe-0164022f9a80,SRC_SH_DHAHIRIYA_2025_DIRECTORATE_POST,DIRECT_CURRENT_DIRECTORATE_OPERATION,HIGH,APPROVED,7270d37a-6eca-4fd4-8abe-0164022f9a80,South Hebron,SRC_SH_DHAHIRIYA_2025_DIRECTORATE_POST,2026-09-20,PALWAKF_NOSOK_AUTHORIZED_ORGANIZATIONAL_REVIEW_V1,2026-09-20,Approved by authorized organizational review based on direct authority evidence matrix.,true
19bf5c13-34a0-4fd1-8fe9-ae4e5fce1b0c,332,H015-332,الشيوخ,موجوده,North Hebron,04f19f65-5e0c-47df-b897-9dd88152ea6c,SRC_NH_SERVICE_COUNCIL_2010,REGIONAL_INSTITUTIONAL_SUPPORT,MEDIUM,NEEDS_REVIEW,,,,,PALWAKF_NOSOK_AUTHORIZED_ORGANIZATIONAL_REVIEW_V1,2026-09-20,Not approved: evidence remains supporting-only or unresolved; fail-closed.,false
1220a8e5-be94-4122-870a-d037fae7bfc1,347,H025-347,خرسا,موجوده,South Hebron,7270d37a-6eca-4fd4-8abe-0164022f9a80,SRC_SH_HAJJ_WINNERS_2026,DIRECT_CURRENT_HAJJ_JURISDICTION_EVIDENCE,HIGH,APPROVED,7270d37a-6eca-4fd4-8abe-0164022f9a80,South Hebron,SRC_SH_HAJJ_WINNERS_2026,2026-09-20,PALWAKF_NOSOK_AUTHORIZED_ORGANIZATIONAL_REVIEW_V1,2026-09-20,Approved by authorized organizational review based on direct authority evidence matrix.,true
31ff955b-ea6e-47ea-8269-78373a4e6c8a,370,H194-370,خشم الدرج-الهذالين,موجوده,,,,,NONE,NEEDS_REVIEW,,,,,PALWAKF_NOSOK_AUTHORIZED_ORGANIZATIONAL_REVIEW_V1,2026-09-20,Not approved: evidence remains supporting-only or unresolved; fail-closed.,false
92b2a984-e053-420e-910a-f9a1802fff3f,371,H245-371,مسافر يطا,موجوده,Yatta,7e391f77-ded8-4ea8-b0eb-d518507ff194,SRC_YATTA_PLAN_2023_2026,GEOGRAPHIC_SUPPORT_ONLY,LOW,NEEDS_REVIEW,,,,,PALWAKF_NOSOK_AUTHORIZED_ORGANIZATIONAL_REVIEW_V1,2026-09-20,Not approved: evidence remains supporting-only or unresolved; fail-closed.,false
9c1c111b-072d-474d-a144-1562e8fa350f,372,H066-372,بيت الروش التحتا,موجوده,,,,,NONE,NEEDS_REVIEW,,,,,PALWAKF_NOSOK_AUTHORIZED_ORGANIZATIONAL_REVIEW_V1,2026-09-20,Not approved: evidence remains supporting-only or unresolved; fail-closed.,false
4bdc4d9e-7062-4de4-8c09-ea0f24ecb527,373,H045-373,بيت الروش الفوقا,موجوده,,,,,NONE,NEEDS_REVIEW,,,,,PALWAKF_NOSOK_AUTHORIZED_ORGANIZATIONAL_REVIEW_V1,2026-09-20,Not approved: evidence remains supporting-only or unresolved; fail-closed.,false
c0879916-23cd-4141-a799-81adf7d9d047,374,H251-374,سكه -سكا,موجوده,,,,,NONE,NEEDS_REVIEW,,,,,PALWAKF_NOSOK_AUTHORIZED_ORGANIZATIONAL_REVIEW_V1,2026-09-20,Not approved: evidence remains supporting-only or unresolved; fail-closed.,false
3107d1b1-bb8b-4b8d-bf28-29736c67fd54,375,H160-375,الصره,موجوده,,,,,NONE,NEEDS_REVIEW,,,,,PALWAKF_NOSOK_AUTHORIZED_ORGANIZATIONAL_REVIEW_V1,2026-09-20,Not approved: evidence remains supporting-only or unresolved; fail-closed.,false
596f174d-7ff7-4d25-a8f8-f83430c57a89,376,H032-376,المجد,موجوده,,,,,NONE,NEEDS_REVIEW,,,,,PALWAKF_NOSOK_AUTHORIZED_ORGANIZATIONAL_REVIEW_V1,2026-09-20,Not approved: evidence remains supporting-only or unresolved; fail-closed.,false
c81b05c9-35b4-4eb3-9f1d-cda066be2cdb,377,H029-377,رابود,موجوده,South Hebron,7270d37a-6eca-4fd4-8abe-0164022f9a80,SRC_SH_LOCAL_COUNCILS_EVENT_2017,LOCAL_OPERATIONAL_SUPPORT,MEDIUM,NEEDS_REVIEW,,,,,PALWAKF_NOSOK_AUTHORIZED_ORGANIZATIONAL_REVIEW_V1,2026-09-20,Not approved: evidence remains supporting-only or unresolved; fail-closed.,false
009a8624-da1d-46e9-883b-4a7f1e5cfad3,378,H040-378,كرمه,موجوده,,,,,NONE,NEEDS_REVIEW,,,,,PALWAKF_NOSOK_AUTHORIZED_ORGANIZATIONAL_REVIEW_V1,2026-09-20,Not approved: evidence remains supporting-only or unresolved; fail-closed.,false
8c4ef11e-08ef-4dca-a6af-21e98dbf9b8f,379,H034-379,حدب الفوار - الحدب,موجوده,,,,,NONE,NEEDS_REVIEW,,,,,PALWAKF_NOSOK_AUTHORIZED_ORGANIZATIONAL_REVIEW_V1,2026-09-20,Not approved: evidence remains supporting-only or unresolved; fail-closed.,false
16949afa-4657-44d5-b080-450ba77bbf7e,380,H027-380,البرج والبيره,موجوده,,,,,NONE,NEEDS_REVIEW,,,,,PALWAKF_NOSOK_AUTHORIZED_ORGANIZATIONAL_REVIEW_V1,2026-09-20,Not approved: evidence remains supporting-only or unresolved; fail-closed.,false
d771fcc5-d01a-4b83-962c-d15df752fc6d,381,H036-381,امريش,موجوده,,,,,NONE,NEEDS_REVIEW,,,,,PALWAKF_NOSOK_AUTHORIZED_ORGANIZATIONAL_REVIEW_V1,2026-09-20,Not approved: evidence remains supporting-only or unresolved; fail-closed.,false
171e1c29-6528-4297-8354-db2dc39aeb4b,382,H021-382,دير سامت,موجوده,,,,,NONE,NEEDS_REVIEW,,,,,PALWAKF_NOSOK_AUTHORIZED_ORGANIZATIONAL_REVIEW_V1,2026-09-20,Not approved: evidence remains supporting-only or unresolved; fail-closed.,false
b8bc08d2-244d-4182-b2be-ae58c415fb5a,383,H074-383,دير رازح,موجوده,South Hebron,7270d37a-6eca-4fd4-8abe-0164022f9a80,SRC_SH_HAJJ_WINNERS_2026,DIRECT_CURRENT_HAJJ_JURISDICTION_EVIDENCE,HIGH,APPROVED,7270d37a-6eca-4fd4-8abe-0164022f9a80,South Hebron,SRC_SH_HAJJ_WINNERS_2026,2026-09-20,PALWAKF_NOSOK_AUTHORIZED_ORGANIZATIONAL_REVIEW_V1,2026-09-20,Approved by authorized organizational review based on direct authority evidence matrix.,true
7e6ecd7d-8f8c-4b67-a511-068dcf574b9e,384,H037-384,دير العسل الفوقا,موجوده,,,,,NONE,NEEDS_REVIEW,,,,,PALWAKF_NOSOK_AUTHORIZED_ORGANIZATIONAL_REVIEW_V1,2026-09-20,Not approved: evidence remains supporting-only or unresolved; fail-closed.,false
470b83c5-e293-4d85-9f38-262fb537b0f5,385,H031-385,بيت عمره,موجوده,,,,,NONE,NEEDS_REVIEW,,,,,PALWAKF_NOSOK_AUTHORIZED_ORGANIZATIONAL_REVIEW_V1,2026-09-20,Not approved: evidence remains supporting-only or unresolved; fail-closed.,false
5bc25305-cbaa-48ea-ac5b-030e3dca91b9,386,H024-386,الكرمل,موجوده,,,,,NONE,NEEDS_REVIEW,,,,,PALWAKF_NOSOK_AUTHORIZED_ORGANIZATIONAL_REVIEW_V1,2026-09-20,Not approved: evidence remains supporting-only or unresolved; fail-closed.,false
63aa1105-ae7d-4920-a292-018482196075,387,H039-387,خله الميه,موجوده,,,,,NONE,NEEDS_REVIEW,,,,,PALWAKF_NOSOK_AUTHORIZED_ORGANIZATIONAL_REVIEW_V1,2026-09-20,Not approved: evidence remains supporting-only or unresolved; fail-closed.,false
9d241fab-6d52-4769-a596-9558bc77daac,388,H069-388,التواني - الطواني,موجوده,,,,,NONE,NEEDS_REVIEW,,,,,PALWAKF_NOSOK_AUTHORIZED_ORGANIZATIONAL_REVIEW_V1,2026-09-20,Not approved: evidence remains supporting-only or unresolved; fail-closed.,false
eb022a20-7a51-41f6-ae61-f57bb70c301e,389,H051-389,ام الخير,موجوده,,,,,NONE,NEEDS_REVIEW,,,,,PALWAKF_NOSOK_AUTHORIZED_ORGANIZATIONAL_REVIEW_V1,2026-09-20,Not approved: evidence remains supporting-only or unresolved; fail-closed.,false
6792abd0-563b-4232-b7a2-26890c6da552,390,H064-390,امنيزل,موجوده,,,,,NONE,NEEDS_REVIEW,,,,,PALWAKF_NOSOK_AUTHORIZED_ORGANIZATIONAL_REVIEW_V1,2026-09-20,Not approved: evidence remains supporting-only or unresolved; fail-closed.,false
ed2b73c7-a5ee-4f62-98bd-c8baf157a802,391,H060-391,دير العسل التحتا,موجوده,,,,,NONE,NEEDS_REVIEW,,,,,PALWAKF_NOSOK_AUTHORIZED_ORGANIZATIONAL_REVIEW_V1,2026-09-20,Not approved: evidence remains supporting-only or unresolved; fail-closed.,false
ef0946ea-996f-4819-8ea6-dc992e89bb77,392,H063-392,النجاده,موجوده,,,,,NONE,NEEDS_REVIEW,,,,,PALWAKF_NOSOK_AUTHORIZED_ORGANIZATIONAL_REVIEW_V1,2026-09-20,Not approved: evidence remains supporting-only or unresolved; fail-closed.,false
f43f2385-7ed0-4022-babe-488448c18c92,393,H016-393,بيت عوا,موجوده,,,,,NONE,NEEDS_REVIEW,,,,,PALWAKF_NOSOK_AUTHORIZED_ORGANIZATIONAL_REVIEW_V1,2026-09-20,Not approved: evidence remains supporting-only or unresolved; fail-closed.,false
94c545e7-17c3-42bf-a971-f7692f10e8aa,394,H148-394,	الكوم,موجوده,,,,,NONE,NEEDS_REVIEW,,,,,PALWAKF_NOSOK_AUTHORIZED_ORGANIZATIONAL_REVIEW_V1,2026-09-20,Not approved: evidence remains supporting-only or unresolved; fail-closed.,false
9a2ae358-d145-4a40-a7c6-96372b8d02e2,395,H038-395,	شيوخ العروب,موجوده,North Hebron,04f19f65-5e0c-47df-b897-9dd88152ea6c,SRC_NH_SERVICE_COUNCIL_2010,REGIONAL_INSTITUTIONAL_SUPPORT,MEDIUM,NEEDS_REVIEW,,,,,PALWAKF_NOSOK_AUTHORIZED_ORGANIZATIONAL_REVIEW_V1,2026-09-20,Not approved: evidence remains supporting-only or unresolved; fail-closed.,false
00918438-a42c-4312-8a67-6274292f619a,396,H185-396,سوسيا,موجوده,,,,,NONE,NEEDS_REVIEW,,,,,PALWAKF_NOSOK_AUTHORIZED_ORGANIZATIONAL_REVIEW_V1,2026-09-20,Not approved: evidence remains supporting-only or unresolved; fail-closed.,false
b0177f86-1ebf-45ad-b374-9b1ccece0c5a,397,H095-397,مسافر بني نعيم,موجوده,,,,,NONE,NEEDS_REVIEW,,,,,PALWAKF_NOSOK_AUTHORIZED_ORGANIZATIONAL_REVIEW_V1,2026-09-20,Not approved: evidence remains supporting-only or unresolved; fail-closed.,false
7aafe41b-0340-4922-abae-256417026bb8,398,H023-398,الريحيه,موجوده,,,,,NONE,NEEDS_REVIEW,,,,,PALWAKF_NOSOK_AUTHORIZED_ORGANIZATIONAL_REVIEW_V1,2026-09-20,Not approved: evidence remains supporting-only or unresolved; fail-closed.,false
d67cf6ad-25a1-4105-b735-9f97f188f8be,400,H075-400,خربه الدير,موجوده,,,,,NONE,NEEDS_REVIEW,,,,,PALWAKF_NOSOK_AUTHORIZED_ORGANIZATIONAL_REVIEW_V1,2026-09-20,Not approved: evidence remains supporting-only or unresolved; fail-closed.,false
4b8deed1-7366-42b0-86e4-f8235bfa5554,401,H252-401,ام الدرج -الزويدين,موجوده,,,,,NONE,NEEDS_REVIEW,,,,,PALWAKF_NOSOK_AUTHORIZED_ORGANIZATIONAL_REVIEW_V1,2026-09-20,Not approved: evidence remains supporting-only or unresolved; fail-closed.,false
9e5b4416-8a4e-46df-b0a4-2a007e93b0fa,502,H001-502,واد الشاجنه,موجوده,,,,,NONE,NEEDS_REVIEW,,,,,PALWAKF_NOSOK_AUTHORIZED_ORGANIZATIONAL_REVIEW_V1,2026-09-20,Not approved: evidence remains supporting-only or unresolved; fail-closed.,false
bb348978-453b-4c93-bb6c-58504a5f2180,588,H001-588,ابو العسجا,موجوده,South Hebron,7270d37a-6eca-4fd4-8abe-0164022f9a80,SRC_SH_LOCAL_COUNCILS_EVENT_2017,LOCAL_OPERATIONAL_SUPPORT,MEDIUM,NEEDS_REVIEW,,,,,PALWAKF_NOSOK_AUTHORIZED_ORGANIZATIONAL_REVIEW_V1,2026-09-20,Not approved: evidence remains supporting-only or unresolved; fail-closed.,false
b9d85804-a65a-4a94-b12c-8ad6834259a3,589,H001-589,ابو سحويله,موجوده,,,,,NONE,NEEDS_REVIEW,,,,,PALWAKF_NOSOK_AUTHORIZED_ORGANIZATIONAL_REVIEW_V1,2026-09-20,Not approved: evidence remains supporting-only or unresolved; fail-closed.,false
d8c4cccb-062a-44d9-98a7-4c2601439b0b,590,H001-590,اراضي الشرا,موجوده,,,,,NONE,NEEDS_REVIEW,,,,,PALWAKF_NOSOK_AUTHORIZED_ORGANIZATIONAL_REVIEW_V1,2026-09-20,Not approved: evidence remains supporting-only or unresolved; fail-closed.,false
937ab10d-01c7-4e72-b9c4-48f894e0ca70,591,H001-591,البقعه,موجوده,,,,,NONE,NEEDS_REVIEW,,,,,PALWAKF_NOSOK_AUTHORIZED_ORGANIZATIONAL_REVIEW_V1,2026-09-20,Not approved: evidence remains supporting-only or unresolved; fail-closed.,false
56a10cb9-f67f-4660-abf9-23f35bab55f3,593,H001-593,الرامه-الخليل,موجوده,,,,,NONE,NEEDS_REVIEW,,,,,PALWAKF_NOSOK_AUTHORIZED_ORGANIZATIONAL_REVIEW_V1,2026-09-20,Not approved: evidence remains supporting-only or unresolved; fail-closed.,false
7aa801e5-e9e1-4d9c-b136-375a38863e69,594,H001-594,السيميا - سيميا- سيمياء,موجوده,,,,,NONE,NEEDS_REVIEW,,,,,PALWAKF_NOSOK_AUTHORIZED_ORGANIZATIONAL_REVIEW_V1,2026-09-20,Not approved: evidence remains supporting-only or unresolved; fail-closed.,false
abafcb46-b8b1-437d-9674-80926f540fde,596,H001-596,المصادر -المعادر,موجوده,,,,,NONE,NEEDS_REVIEW,,,,,PALWAKF_NOSOK_AUTHORIZED_ORGANIZATIONAL_REVIEW_V1,2026-09-20,Not approved: evidence remains supporting-only or unresolved; fail-closed.,false
2af08a9c-2844-4f1b-96bc-853b7f746174,597,H001-597,المورق,موجوده,,,,,NONE,NEEDS_REVIEW,,,,,PALWAKF_NOSOK_AUTHORIZED_ORGANIZATIONAL_REVIEW_V1,2026-09-20,Not approved: evidence remains supporting-only or unresolved; fail-closed.,false
d306572d-a32a-4c94-be35-aaba54366d63,599,H001-599,ام كميل,موجوده,,,,,NONE,NEEDS_REVIEW,,,,,PALWAKF_NOSOK_AUTHORIZED_ORGANIZATIONAL_REVIEW_V1,2026-09-20,Not approved: evidence remains supporting-only or unresolved; fail-closed.,false
dd1cca52-53db-4262-88bf-be324736af68,600,H001-600,بدانه -خربه بنايه,موجوده,,,,,NONE,NEEDS_REVIEW,,,,,PALWAKF_NOSOK_AUTHORIZED_ORGANIZATIONAL_REVIEW_V1,2026-09-20,Not approved: evidence remains supporting-only or unresolved; fail-closed.,false
17973ad0-5ee0-48aa-a3e3-a7e3247120e4,602,H001-602,بني سليم,موجوده,,,,,NONE,NEEDS_REVIEW,,,,,PALWAKF_NOSOK_AUTHORIZED_ORGANIZATIONAL_REVIEW_V1,2026-09-20,Not approved: evidence remains supporting-only or unresolved; fail-closed.,false
84a6d402-000b-44f8-8a74-edfd1da959bf,603,H001-603,بوابه السبع,موجوده,,,,,NONE,NEEDS_REVIEW,,,,,PALWAKF_NOSOK_AUTHORIZED_ORGANIZATIONAL_REVIEW_V1,2026-09-20,Not approved: evidence remains supporting-only or unresolved; fail-closed.,false
9b2bf10d-4e7d-4320-9ac8-198bfc6c7dda,604,H001-604,بيت الروش ؟؟ التحتا ام الفوقا,موجوده,,,,,NONE,NEEDS_REVIEW,,,,,PALWAKF_NOSOK_AUTHORIZED_ORGANIZATIONAL_REVIEW_V1,2026-09-20,Not approved: evidence remains supporting-only or unresolved; fail-closed.,false
548e7904-0ad9-4e1f-9f8c-2b5c2864ece9,605,H001-605,بيت اولا- الخليل,موجوده,,,,,NONE,NEEDS_REVIEW,,,,,PALWAKF_NOSOK_AUTHORIZED_ORGANIZATIONAL_REVIEW_V1,2026-09-20,Not approved: evidence remains supporting-only or unresolved; fail-closed.,false
b3dfa4b9-5f10-41cd-b9ce-5625df79d847,606,H001-606,بيت باجيب,موجوده,,,,,NONE,NEEDS_REVIEW,,,,,PALWAKF_NOSOK_AUTHORIZED_ORGANIZATIONAL_REVIEW_V1,2026-09-20,Not approved: evidence remains supporting-only or unresolved; fail-closed.,false
9f3808ad-5c95-4487-bdb9-0613944423ef,608,H001-608,بيت خيران,موجوده,,,,,NONE,NEEDS_REVIEW,,,,,PALWAKF_NOSOK_AUTHORIZED_ORGANIZATIONAL_REVIEW_V1,2026-09-20,Not approved: evidence remains supporting-only or unresolved; fail-closed.,false
24350f00-40b6-488b-9c37-aca5731e1ebb,610,H001-610,بيت علام -بيت علم,موجوده,,,,,NONE,NEEDS_REVIEW,,,,,PALWAKF_NOSOK_AUTHORIZED_ORGANIZATIONAL_REVIEW_V1,2026-09-20,Not approved: evidence remains supporting-only or unresolved; fail-closed.,false
973488fd-e5ed-4065-8c55-7db1f12daa0b,611,H001-611,بيت عمر -بيت عمره,موجوده,,,,,NONE,NEEDS_REVIEW,,,,,PALWAKF_NOSOK_AUTHORIZED_ORGANIZATIONAL_REVIEW_V1,2026-09-20,Not approved: evidence remains supporting-only or unresolved; fail-closed.,false
d7b78b66-4a49-4b28-b2cd-b16b9a12319a,612,H001-612,بيت لافا -لوافي,موجوده,,,,,NONE,NEEDS_REVIEW,,,,,PALWAKF_NOSOK_AUTHORIZED_ORGANIZATIONAL_REVIEW_V1,2026-09-20,Not approved: evidence remains supporting-only or unresolved; fail-closed.,false
f4c9e4fd-c49a-4d66-b0d7-a335c0ac36cf,613,H001-613,بيت مرسم,موجوده,,,,,NONE,NEEDS_REVIEW,,,,,PALWAKF_NOSOK_AUTHORIZED_ORGANIZATIONAL_REVIEW_V1,2026-09-20,Not approved: evidence remains supporting-only or unresolved; fail-closed.,false
4027c7eb-8556-4aeb-b6fa-73327fcc897c,614,H001-614,بيت مقدوم,موجوده,,,,,NONE,NEEDS_REVIEW,,,,,PALWAKF_NOSOK_AUTHORIZED_ORGANIZATIONAL_REVIEW_V1,2026-09-20,Not approved: evidence remains supporting-only or unresolved; fail-closed.,false
680521a0-31fd-4734-ae46-d20bc37493bd,615,H001-615,بيت ناصيب -بيت ناحين,موجوده,,,,,NONE,NEEDS_REVIEW,,,,,PALWAKF_NOSOK_AUTHORIZED_ORGANIZATIONAL_REVIEW_V1,2026-09-20,Not approved: evidence remains supporting-only or unresolved; fail-closed.,false
a4bca1a4-7f4e-4c7f-8abd-6067f367de24,617,H001-617,بيت نمير -خربه بيت عتير,موجوده,,,,,NONE,NEEDS_REVIEW,,,,,PALWAKF_NOSOK_AUTHORIZED_ORGANIZATIONAL_REVIEW_V1,2026-09-20,Not approved: evidence remains supporting-only or unresolved; fail-closed.,false
35e6491e-f742-467b-a18d-5bb6e8abe187,619,H001-619,تلايه -خربه التباينه,موجوده,,,,,NONE,NEEDS_REVIEW,,,,,PALWAKF_NOSOK_AUTHORIZED_ORGANIZATIONAL_REVIEW_V1,2026-09-20,Not approved: evidence remains supporting-only or unresolved; fail-closed.,false
7528500e-6751-450e-97de-0f7c71724310,620,H001-620,جميره -خربه جمير,موجوده,,,,,NONE,NEEDS_REVIEW,,,,,PALWAKF_NOSOK_AUTHORIZED_ORGANIZATIONAL_REVIEW_V1,2026-09-20,Not approved: evidence remains supporting-only or unresolved; fail-closed.,false
172b9c51-f070-4c95-87a9-6fac07ddd77f,621,H001-621,جنابا,موجوده,,,,,NONE,NEEDS_REVIEW,,,,,PALWAKF_NOSOK_AUTHORIZED_ORGANIZATIONAL_REVIEW_V1,2026-09-20,Not approved: evidence remains supporting-only or unresolved; fail-closed.,false
83b8ad08-9bdb-4de5-a6e8-84eab25d7bfc,622,H001-622,حرثا -حرنا,موجوده,,,,,NONE,NEEDS_REVIEW,,,,,PALWAKF_NOSOK_AUTHORIZED_ORGANIZATIONAL_REVIEW_V1,2026-09-20,Not approved: evidence remains supporting-only or unresolved; fail-closed.,false
e386df63-ae7f-446c-b2eb-d80783fedeff,623,H001-623,حسكا,موجوده,,,,,NONE,NEEDS_REVIEW,,,,,PALWAKF_NOSOK_AUTHORIZED_ORGANIZATIONAL_REVIEW_V1,2026-09-20,Not approved: evidence remains supporting-only or unresolved; fail-closed.,false
8b0d6095-6dc1-4b86-9d04-06ca21e08bbc,624,H001-624,حمر -خربه جبر,موجوده,,,,,NONE,NEEDS_REVIEW,,,,,PALWAKF_NOSOK_AUTHORIZED_ORGANIZATIONAL_REVIEW_V1,2026-09-20,Not approved: evidence remains supporting-only or unresolved; fail-closed.,false
8e2a609d-3cda-4e64-b7cd-e93afbd79974,625,H001-625,حمصه,موجوده,,,,,NONE,NEEDS_REVIEW,,,,,PALWAKF_NOSOK_AUTHORIZED_ORGANIZATIONAL_REVIEW_V1,2026-09-20,Not approved: evidence remains supporting-only or unresolved; fail-closed.,false
046ecfb4-f305-4048-bbf8-85c3d01bd043,626,H001-626,خربه طوبا,موجوده,,,,,NONE,NEEDS_REVIEW,,,,,PALWAKF_NOSOK_AUTHORIZED_ORGANIZATIONAL_REVIEW_V1,2026-09-20,Not approved: evidence remains supporting-only or unresolved; fail-closed.,false
085bb11f-fb8f-433e-88b7-afbaead795b2,627,H001-627,خربه عزيز - العزيز - اعزيز - كفر عزيز,موجوده,,,,,NONE,NEEDS_REVIEW,,,,,PALWAKF_NOSOK_AUTHORIZED_ORGANIZATIONAL_REVIEW_V1,2026-09-20,Not approved: evidence remains supporting-only or unresolved; fail-closed.,false
24e9722f-2a29-4fc3-b00e-c29dcf5b656b,629,H001-629,خله الضبع-مسافر يطا,موجوده,Yatta,7e391f77-ded8-4ea8-b0eb-d518507ff194,SRC_YATTA_PLAN_2023_2026,GEOGRAPHIC_SUPPORT_ONLY,LOW,NEEDS_REVIEW,,,,,PALWAKF_NOSOK_AUTHORIZED_ORGANIZATIONAL_REVIEW_V1,2026-09-20,Not approved: evidence remains supporting-only or unresolved; fail-closed.,false
b91b8a50-5afc-4ddc-9c7d-ff19fd198067,630,H001-630,خله العقد- الصره -دورا,موجوده,,,,,NONE,NEEDS_REVIEW,,,,,PALWAKF_NOSOK_AUTHORIZED_ORGANIZATIONAL_REVIEW_V1,2026-09-20,Not approved: evidence remains supporting-only or unresolved; fail-closed.,false
e9576557-c7d2-4bbf-8d18-3ef5c10d0016,632,H001-632,دير السلام -خربه سلمى,موجوده,,,,,NONE,NEEDS_REVIEW,,,,,PALWAKF_NOSOK_AUTHORIZED_ORGANIZATIONAL_REVIEW_V1,2026-09-20,Not approved: evidence remains supporting-only or unresolved; fail-closed.,false
4415ed8d-50dd-4984-bdb4-b3abf95a1869,633,H001-633,دير الميس -خربه ام الميس,موجوده,,,,,NONE,NEEDS_REVIEW,,,,,PALWAKF_NOSOK_AUTHORIZED_ORGANIZATIONAL_REVIEW_V1,2026-09-20,Not approved: evidence remains supporting-only or unresolved; fail-closed.,false
cf2bf4e1-c8c6-4d0f-bcca-7717e416eeb2,636,H001-636,رابيا,موجوده,,,,,NONE,NEEDS_REVIEW,,,,,PALWAKF_NOSOK_AUTHORIZED_ORGANIZATIONAL_REVIEW_V1,2026-09-20,Not approved: evidence remains supporting-only or unresolved; fail-closed.,false
1a085bb8-5421-412f-bd1e-89509db28aed,637,H001-637,رافع -رافعه,موجوده,,,,,NONE,NEEDS_REVIEW,,,,,PALWAKF_NOSOK_AUTHORIZED_ORGANIZATIONAL_REVIEW_V1,2026-09-20,Not approved: evidence remains supporting-only or unresolved; fail-closed.,false
fa06d8ae-3919-43e7-9820-69aea802f462,639,H001-639,رقعه,موجوده,,,,,NONE,NEEDS_REVIEW,,,,,PALWAKF_NOSOK_AUTHORIZED_ORGANIZATIONAL_REVIEW_V1,2026-09-20,Not approved: evidence remains supporting-only or unresolved; fail-closed.,false
14babf6a-21e5-475b-ab3c-f0265346b82e,640,H001-640,ريحيه,موجوده,,,,,NONE,NEEDS_REVIEW,,,,,PALWAKF_NOSOK_AUTHORIZED_ORGANIZATIONAL_REVIEW_V1,2026-09-20,Not approved: evidence remains supporting-only or unresolved; fail-closed.,false
5f5dc72f-5ccc-4547-ae08-c02a83680b32,643,H001-643,زيفا,موجوده,,,,,NONE,NEEDS_REVIEW,,,,,PALWAKF_NOSOK_AUTHORIZED_ORGANIZATIONAL_REVIEW_V1,2026-09-20,Not approved: evidence remains supporting-only or unresolved; fail-closed.,false
3c0a52b1-e58c-4f7d-a088-df7cfa24aca8,644,H001-644,زين,موجوده,,,,,NONE,NEEDS_REVIEW,,,,,PALWAKF_NOSOK_AUTHORIZED_ORGANIZATIONAL_REVIEW_V1,2026-09-20,Not approved: evidence remains supporting-only or unresolved; fail-closed.,false
a8a3ab91-261a-4c74-b0f4-9a7daae0b685,645,H001-645,سلامه,موجوده,South Hebron,7270d37a-6eca-4fd4-8abe-0164022f9a80,SRC_SH_HAJJ_WINNERS_2026_KHIRBET_SALAMA_ALIAS_PENDING,CURRENT_HAJJ_JURISDICTION_ALIAS_REVIEW,MEDIUM,NEEDS_REVIEW,,,,,PALWAKF_NOSOK_AUTHORIZED_ORGANIZATIONAL_REVIEW_V1,2026-09-20,Not approved: evidence remains supporting-only or unresolved; fail-closed.,false
f2e3031a-d2cc-4d68-8dbf-3926eefcc2d2,646,H001-646,سوبا,موجوده,,,,,NONE,NEEDS_REVIEW,,,,,PALWAKF_NOSOK_AUTHORIZED_ORGANIZATIONAL_REVIEW_V1,2026-09-20,Not approved: evidence remains supporting-only or unresolved; fail-closed.,false
898d697d-496e-452b-97ba-15c1731084e5,647,H001-647,شويكه بني صبرا,موجوده,,,,,NONE,NEEDS_REVIEW,,,,,PALWAKF_NOSOK_AUTHORIZED_ORGANIZATIONAL_REVIEW_V1,2026-09-20,Not approved: evidence remains supporting-only or unresolved; fail-closed.,false
3277ddea-1695-44ba-8f49-ed0c700e7a26,648,H001-648,شويكه بني قيس,موجوده,,,,,NONE,NEEDS_REVIEW,,,,,PALWAKF_NOSOK_AUTHORIZED_ORGANIZATIONAL_REVIEW_V1,2026-09-20,Not approved: evidence remains supporting-only or unresolved; fail-closed.,false
2d2d6985-0e0e-4ba5-8079-252a540a688e,649,H001-649,شويكه-الخليل,موجوده,,,,,NONE,NEEDS_REVIEW,,,,,PALWAKF_NOSOK_AUTHORIZED_ORGANIZATIONAL_REVIEW_V1,2026-09-20,Not approved: evidence remains supporting-only or unresolved; fail-closed.,false
3a516c5a-e484-4da3-9425-56051dbe5e74,650,H001-650,صافا,موجوده,,,,,NONE,NEEDS_REVIEW,,,,,PALWAKF_NOSOK_AUTHORIZED_ORGANIZATIONAL_REVIEW_V1,2026-09-20,Not approved: evidence remains supporting-only or unresolved; fail-closed.,false
3865fc26-b441-407d-becf-19bc028dd94c,651,H001-651,طواس,موجوده,,,,,NONE,NEEDS_REVIEW,,,,,PALWAKF_NOSOK_AUTHORIZED_ORGANIZATIONAL_REVIEW_V1,2026-09-20,Not approved: evidence remains supporting-only or unresolved; fail-closed.,false
21e5f771-3921-4aae-8f83-b7f15fb87d42,652,H001-652,عاناب,موجوده,,,,,NONE,NEEDS_REVIEW,,,,,PALWAKF_NOSOK_AUTHORIZED_ORGANIZATIONAL_REVIEW_V1,2026-09-20,Not approved: evidence remains supporting-only or unresolved; fail-closed.,false
d5721c21-22af-487e-89c3-c73c57a88441,653,H001-653,عبد الميا -سور,موجوده,,,,,NONE,NEEDS_REVIEW,,,,,PALWAKF_NOSOK_AUTHORIZED_ORGANIZATIONAL_REVIEW_V1,2026-09-20,Not approved: evidence remains supporting-only or unresolved; fail-closed.,false
9332d949-cdad-4e3b-8fa1-494b699a03e9,654,H001-654,عتير,موجوده,,,,,NONE,NEEDS_REVIEW,,,,,PALWAKF_NOSOK_AUTHORIZED_ORGANIZATIONAL_REVIEW_V1,2026-09-20,Not approved: evidence remains supporting-only or unresolved; fail-closed.,false
03cb5194-a1ff-48fb-8924-3d415aa6ca76,656,H001-656,عرا -عراد,موجوده,,,,,NONE,NEEDS_REVIEW,,,,,PALWAKF_NOSOK_AUTHORIZED_ORGANIZATIONAL_REVIEW_V1,2026-09-20,Not approved: evidence remains supporting-only or unresolved; fail-closed.,false
20a1fb6e-325c-47bc-a9ab-8f0770700fc6,657,H001-657,عطاره - عتير,موجوده,,,,,NONE,NEEDS_REVIEW,,,,,PALWAKF_NOSOK_AUTHORIZED_ORGANIZATIONAL_REVIEW_V1,2026-09-20,Not approved: evidence remains supporting-only or unresolved; fail-closed.,false
d7778042-f3c2-4f10-98d5-55f6dd1ac5b7,658,H001-658,عناد -عباد,موجوده,,,,,NONE,NEEDS_REVIEW,,,,,PALWAKF_NOSOK_AUTHORIZED_ORGANIZATIONAL_REVIEW_V1,2026-09-20,Not approved: evidence remains supporting-only or unresolved; fail-closed.,false
970753f0-ce29-496d-80fc-356235e8aad0,659,H001-659,عنبر -خربه العتر,موجوده,,,,,NONE,NEEDS_REVIEW,,,,,PALWAKF_NOSOK_AUTHORIZED_ORGANIZATIONAL_REVIEW_V1,2026-09-20,Not approved: evidence remains supporting-only or unresolved; fail-closed.,false
ee1677b6-0c54-4208-8e48-887980399f1a,660,H001-660,عنطول,موجوده,,,,,NONE,NEEDS_REVIEW,,,,,PALWAKF_NOSOK_AUTHORIZED_ORGANIZATIONAL_REVIEW_V1,2026-09-20,Not approved: evidence remains supporting-only or unresolved; fail-closed.,false
b4c9e0de-fb27-41a3-b319-9ea5e2a7584e,661,H001-661,غرب -خربه عرب   -حصه وربع,موجوده,,,,,NONE,NEEDS_REVIEW,,,,,PALWAKF_NOSOK_AUTHORIZED_ORGANIZATIONAL_REVIEW_V1,2026-09-20,Not approved: evidence remains supporting-only or unresolved; fail-closed.,false
6b658fa7-488d-472c-ba64-504321f40ab3,662,H001-662,فران -حران,موجوده,,,,,NONE,NEEDS_REVIEW,,,,,PALWAKF_NOSOK_AUTHORIZED_ORGANIZATIONAL_REVIEW_V1,2026-09-20,Not approved: evidence remains supporting-only or unresolved; fail-closed.,false
106fe2e0-58b4-4fbe-9009-4a1fb3465bfb,663,H001-663,فقيقيس,موجوده,South Hebron,7270d37a-6eca-4fd4-8abe-0164022f9a80,SRC_SH_HAJJ_WINNERS_2026,DIRECT_CURRENT_HAJJ_JURISDICTION_EVIDENCE,HIGH,APPROVED,7270d37a-6eca-4fd4-8abe-0164022f9a80,South Hebron,SRC_SH_HAJJ_WINNERS_2026,2026-09-20,PALWAKF_NOSOK_AUTHORIZED_ORGANIZATIONAL_REVIEW_V1,2026-09-20,Approved by authorized organizational review based on direct authority evidence matrix.,true
d59df1d0-386f-4074-91ba-571303755b99,664,H001-664,قريه -مزرعه قريه  -خربه القريتين,موجوده,,,,,NONE,NEEDS_REVIEW,,,,,PALWAKF_NOSOK_AUTHORIZED_ORGANIZATIONAL_REVIEW_V1,2026-09-20,Not approved: evidence remains supporting-only or unresolved; fail-closed.,false
ea15bb3d-aa39-4bcc-b5a1-ab65a53e8ac7,665,H001-665,قلقس,موجوده,,,,,NONE,NEEDS_REVIEW,,,,,PALWAKF_NOSOK_AUTHORIZED_ORGANIZATIONAL_REVIEW_V1,2026-09-20,Not approved: evidence remains supporting-only or unresolved; fail-closed.,false
86138324-c097-4ab4-ae6f-6248e43612a0,666,H001-666,قوسيا -برقوسيا,موجوده,,,,,NONE,NEEDS_REVIEW,,,,,PALWAKF_NOSOK_AUTHORIZED_ORGANIZATIONAL_REVIEW_V1,2026-09-20,Not approved: evidence remains supporting-only or unresolved; fail-closed.,false
e3ff387d-2d7d-4432-a6dd-c2bbb339c565,667,H001-667,قولس -خربه النبي بولص,موجوده,,,,,NONE,NEEDS_REVIEW,,,,,PALWAKF_NOSOK_AUTHORIZED_ORGANIZATIONAL_REVIEW_V1,2026-09-20,Not approved: evidence remains supporting-only or unresolved; fail-closed.,false
a72dd061-4907-4752-b5ef-28ffc868e0e3,669,H001-669,كرزه,موجوده,South Hebron,7270d37a-6eca-4fd4-8abe-0164022f9a80,SRC_SH_LOCAL_COUNCILS_EVENT_2017,LOCAL_OPERATIONAL_SUPPORT,MEDIUM,NEEDS_REVIEW,,,,,PALWAKF_NOSOK_AUTHORIZED_ORGANIZATIONAL_REVIEW_V1,2026-09-20,Not approved: evidence remains supporting-only or unresolved; fail-closed.,false
d060b96d-c919-4488-9d6c-c670589c2f9f,670,H001-670,كسير,موجوده,,,,,NONE,NEEDS_REVIEW,,,,,PALWAKF_NOSOK_AUTHORIZED_ORGANIZATIONAL_REVIEW_V1,2026-09-20,Not approved: evidence remains supporting-only or unresolved; fail-closed.,false
f6d0f627-4bc6-40ee-b16b-7648c389f8c9,671,H001-671,لوانه,موجوده,,,,,NONE,NEEDS_REVIEW,,,,,PALWAKF_NOSOK_AUTHORIZED_ORGANIZATIONAL_REVIEW_V1,2026-09-20,Not approved: evidence remains supporting-only or unresolved; fail-closed.,false
96180633-24c4-4773-a9d3-fbe7fa159373,672,H001-672,مبطوليه -قيطونه,موجوده,,,,,NONE,NEEDS_REVIEW,,,,,PALWAKF_NOSOK_AUTHORIZED_ORGANIZATIONAL_REVIEW_V1,2026-09-20,Not approved: evidence remains supporting-only or unresolved; fail-closed.,false
ae062dc7-c6b6-474e-bab7-26a909f3fb53,673,H001-673,مراب -قريه غراب,موجوده,,,,,NONE,NEEDS_REVIEW,,,,,PALWAKF_NOSOK_AUTHORIZED_ORGANIZATIONAL_REVIEW_V1,2026-09-20,Not approved: evidence remains supporting-only or unresolved; fail-closed.,false
33648fce-abdc-4891-ba33-ae18bc29a3e1,674,H001-674,مراح البقار- الصره-دورا,موجوده,,,,,NONE,NEEDS_REVIEW,,,,,PALWAKF_NOSOK_AUTHORIZED_ORGANIZATIONAL_REVIEW_V1,2026-09-20,Not approved: evidence remains supporting-only or unresolved; fail-closed.,false
bfc39174-091b-4ba8-be9b-f6c24cac8c00,675,H001-675,مرخه -مرقه -خربه مورق,موجوده,,,,,NONE,NEEDS_REVIEW,,,,,PALWAKF_NOSOK_AUTHORIZED_ORGANIZATIONAL_REVIEW_V1,2026-09-20,Not approved: evidence remains supporting-only or unresolved; fail-closed.,false
d565ae33-2338-4cff-b173-6c898db08752,676,H001-676,مزرعه ارجوم الخليل,موجوده,,,,,NONE,NEEDS_REVIEW,,,,,PALWAKF_NOSOK_AUTHORIZED_ORGANIZATIONAL_REVIEW_V1,2026-09-20,Not approved: evidence remains supporting-only or unresolved; fail-closed.,false
0f41beb1-4ef2-4c1a-ae03-c38b0053552d,677,H001-677,مزرعه ام رقيبه,موجوده,,,,,NONE,NEEDS_REVIEW,,,,,PALWAKF_NOSOK_AUTHORIZED_ORGANIZATIONAL_REVIEW_V1,2026-09-20,Not approved: evidence remains supporting-only or unresolved; fail-closed.,false
a33a790d-7436-4927-97e7-53d0f22ce629,678,H001-678,مزرعه بير عريكه,موجوده,,,,,NONE,NEEDS_REVIEW,,,,,PALWAKF_NOSOK_AUTHORIZED_ORGANIZATIONAL_REVIEW_V1,2026-09-20,Not approved: evidence remains supporting-only or unresolved; fail-closed.,false
b74ce761-9f7a-4eca-ac57-e458aa22ef88,679,H001-679,مزرعه دير الرام -الخليل,موجوده,,,,,NONE,NEEDS_REVIEW,,,,,PALWAKF_NOSOK_AUTHORIZED_ORGANIZATIONAL_REVIEW_V1,2026-09-20,Not approved: evidence remains supporting-only or unresolved; fail-closed.,false
630ae311-def2-4ac4-bea7-aa62084102de,680,H001-680,مزرعه عناب الصغيره,موجوده,South Hebron,7270d37a-6eca-4fd4-8abe-0164022f9a80,SRC_SH_ENNAB_AL_SAGHIRA_2025_DIRECTORATE_VISIT,CURRENT_INSTITUTIONAL_SUPPORT,HIGH,NEEDS_REVIEW,,,,,PALWAKF_NOSOK_AUTHORIZED_ORGANIZATIONAL_REVIEW_V1,2026-09-20,Not approved: evidence remains supporting-only or unresolved; fail-closed.,false
2fda95ef-3705-487f-b2e4-6d04fd7c66d1,681,H001-681,مزرعه مجدل فضيل النصارى,موجوده,,,,,NONE,NEEDS_REVIEW,,,,,PALWAKF_NOSOK_AUTHORIZED_ORGANIZATIONAL_REVIEW_V1,2026-09-20,Not approved: evidence remains supporting-only or unresolved; fail-closed.,false
a6c18120-02de-4e22-9d28-7bd01d889984,682,H001-682,مزرعه وادي عزيز,موجوده,,,,,NONE,NEEDS_REVIEW,,,,,PALWAKF_NOSOK_AUTHORIZED_ORGANIZATIONAL_REVIEW_V1,2026-09-20,Not approved: evidence remains supporting-only or unresolved; fail-closed.,false
b6ad3761-6148-4948-8799-ca10c4d3a6f2,684,H001-684,وادي الخليل,موجوده,,,,,NONE,NEEDS_REVIEW,,,,,PALWAKF_NOSOK_AUTHORIZED_ORGANIZATIONAL_REVIEW_V1,2026-09-20,Not approved: evidence remains supporting-only or unresolved; fail-closed.,false
